injury_type,standard_war,injury
A,2.449302019529683,30
B,2.2039805824096548,23
E,1.3392004615485262,20
H,2.767818348622987,9
LB,2.2057136687121464,21
S,1.369698054501018,49
U,4.155720085980416,2
UB,2.071198868820827,4
