injury_type,standard_war,injury
A,1.603548593358244,14
B,2.48948255522387,42
E,2.569630971047949,9
Foot,1.7743214408305739,20
H,2.481125548194567,74
Head,1.722328930483911,34
Hip,2.583230528946123,41
Knee,1.9861555254147942,24
LB,3.1675749318801087,1
Lower Leg,2.5302529393488338,9
S,1.9001560939982176,64
UB,2.957809551949977,7
Upper Leg,1.9947813081714123,114
